Functional TC ID,Function Testcase name,Automation TC ID,Priority,Testcases summary,Component
TC001,Browse Products by Category,AUTO001,High,Verify categories are clearly listed on the homepage and product pages,Browse Products by Category
TC002,Select Category to View Products,AUTO002,High,Verify clicking a category displays only products within that category,Browse Products by Category
TC003,Navigate Subcategories,AUTO003,Medium,Verify subcategories are displayed and navigable,Browse Products by Category
TC004,Display Product Count in Categories,AUTO004,Medium,Verify the number of products in each category is shown,Browse Products by Category
TC005,Search Bar Availability,AUTO005,High,Verify search bar is available on all main pages,Search for Products
TC006,Search Products by Name,AUTO006,High,Verify search returns relevant products based on product name,Search for Products
TC007,Search Products by Keyword,AUTO007,High,Verify search returns relevant products based on entered keywords,Search for Products
TC008,No Search Results Message,AUTO008,Medium,Verify no results message is shown if nothing matches search criteria,Search for Products
TC009,Search Suggestions,AUTO009,Medium,Verify search suggestions are provided as the user types,Search for Products
TC010,Add to Cart Button Available,AUTO010,High,Verify each product page has an 'Add to Cart' button,Add Products to Cart
TC011,Add Single Product to Cart,AUTO011,High,Verify user can add a single product to shopping cart,Add Products to Cart
TC012,Cart Icon Updates,AUTO012,High,Verify cart icon updates with the number of items added,Add Products to Cart
TC013,Add Multiple Quantities,AUTO013,Medium,Verify user can add multiple quantities of the same product,Add Products to Cart
TC014,Add to Cart Confirmation,AUTO014,Medium,Verify confirmation message is shown after adding to cart,Add Products to Cart
TC015,Review Cart Before Checkout,AUTO015,High,Verify user can review cart and order summary before payment,Checkout and Payment
TC016,Multiple Payment Options Available,AUTO016,High,Verify multiple payment options are available (credit card PayPal etc),Checkout and Payment
TC017,Payment with Credit Card,AUTO017,High,Verify user can make payment using credit card,Checkout and Payment
TC018,Payment with PayPal,AUTO018,High,Verify user can make payment using PayPal,Checkout and Payment
TC019,Payment Confirmation,AUTO019,High,Verify user receives confirmation after successful payment,Checkout and Payment
TC020,Payment Error Handling,AUTO020,High,Verify error messages are shown for failed payments,Checkout and Payment
TC021,View Product Details,AUTO021,Medium,Verify user can view detailed product information,Browse Products by Category
TC022,Filter Products by Price,AUTO022,Medium,Verify user can filter products by price range,Browse Products by Category
TC023,Sort Products by Rating,AUTO023,Medium,Verify user can sort products by customer ratings,Browse Products by Category
TC024,Remove Product from Cart,AUTO024,Medium,Verify user can remove products from shopping cart,Add Products to Cart
TC025,Update Product Quantity in Cart,AUTO025,Medium,Verify user can update product quantities in cart,Add Products to Cart
TC026,View Cart Summary,AUTO026,Medium,Verify user can view cart summary with total price,Add Products to Cart
TC027,Search Performance,AUTO027,Medium,Verify search functionality performs within acceptable limits,Search for Products
TC028,Category Navigation Performance,AUTO028,Medium,Verify category browsing performs within acceptable limits,Browse Products by Category
TC029,Cart Persistence,AUTO029,Medium,Verify cart contents persist across user sessions,Add Products to Cart
TC030,Payment Security,AUTO030,High,Verify payment processing is secure and compliant,Checkout and Payment
TC031,User Registration,AUTO031,High,Verify user can create new account with valid details,User Management
TC032,User Login,AUTO032,High,Verify registered user can login with valid credentials,User Management
TC033,User Logout,AUTO033,Medium,Verify user can logout successfully,User Management
TC034,Password Reset,AUTO034,High,Verify user can reset forgotten password,User Management
TC035,Profile Update,AUTO035,Medium,Verify user can update profile information,User Management
TC036,Address Management,AUTO036,High,Verify user can add and manage shipping addresses,User Management
TC037,Order History,AUTO037,Medium,Verify user can view previous order history,User Management
TC038,Email Verification,AUTO038,High,Verify email verification process during registration,User Management
TC039,Account Deactivation,AUTO039,Low,Verify user can deactivate account,User Management
TC040,Password Change,AUTO040,Medium,Verify user can change password from profile,User Management
TC041,Social Media Login,AUTO041,Medium,Verify user can login using social media accounts,User Management
TC042,Guest Checkout,AUTO042,High,Verify guest users can checkout without registration,User Management
TC043,Wishlist Creation,AUTO043,Medium,Verify user can create and manage wishlist,Wishlist Management
TC044,Add Product to Wishlist,AUTO044,Medium,Verify user can add products to wishlist,Wishlist Management
TC045,Remove from Wishlist,AUTO045,Medium,Verify user can remove products from wishlist,Wishlist Management
TC046,Share Wishlist,AUTO046,Low,Verify user can share wishlist with others,Wishlist Management
TC047,Move Wishlist to Cart,AUTO047,Medium,Verify user can move wishlist items to cart,Wishlist Management
TC048,Wishlist Notifications,AUTO048,Low,Verify notifications for wishlist price changes,Wishlist Management
TC049,Multiple Wishlists,AUTO049,Low,Verify user can create multiple wishlists,Wishlist Management
TC050,Wishlist Privacy Settings,AUTO050,Low,Verify wishlist privacy controls,Wishlist Management
TC051,Product Image Display,AUTO051,Medium,Verify product images are displayed correctly,Product Management
TC052,Product Zoom Functionality,AUTO052,Medium,Verify product image zoom feature works,Product Management
TC053,Product Gallery Navigation,AUTO053,Medium,Verify navigation through product image gallery,Product Management
TC054,Product Reviews Display,AUTO054,Medium,Verify customer reviews are displayed for products,Product Management
TC055,Product Rating System,AUTO055,Medium,Verify product rating system functionality,Product Management
TC056,Product Availability Status,AUTO056,High,Verify product availability status is accurate,Product Management
TC057,Out of Stock Handling,AUTO057,High,Verify handling of out of stock products,Product Management
TC058,Product Variants Selection,AUTO058,High,Verify selection of product variants (size color etc),Product Management
TC059,Product Recommendation Engine,AUTO059,Medium,Verify related products recommendations,Product Management
TC060,Recently Viewed Products,AUTO060,Medium,Verify recently viewed products tracking,Product Management
TC061,Product Comparison,AUTO061,Medium,Verify product comparison functionality,Product Management
TC062,Product Quick View,AUTO062,Medium,Verify quick view popup for products,Product Management
TC063,Product Share Functionality,AUTO063,Low,Verify social sharing of products,Product Management
TC064,Product URL Generation,AUTO064,Low,Verify SEO-friendly product URLs,Product Management
TC065,Product Search Within Category,AUTO065,Medium,Verify search functionality within categories,Product Management
TC066,Inventory Level Display,AUTO066,Medium,Verify inventory levels are displayed accurately,Inventory Management
TC067,Low Stock Alerts,AUTO067,High,Verify alerts for low stock products,Inventory Management
TC068,Stock Reservation,AUTO068,High,Verify stock reservation during checkout process,Inventory Management
TC069,Backorder Management,AUTO069,Medium,Verify backorder functionality for out of stock items,Inventory Management
TC070,Inventory Updates Real-time,AUTO070,High,Verify real-time inventory updates,Inventory Management
TC071,Bulk Inventory Operations,AUTO071,Low,Verify bulk inventory management operations,Inventory Management
TC072,Inventory Reporting,AUTO072,Medium,Verify inventory reports generation,Inventory Management
TC073,Warehouse Management,AUTO073,Medium,Verify multi-warehouse inventory tracking,Inventory Management
TC074,Inventory Alerts Configuration,AUTO074,Low,Verify inventory alert settings,Inventory Management
TC075,Inventory Import Export,AUTO075,Low,Verify inventory data import/export functionality,Inventory Management
TC076,Order Status Tracking,AUTO076,High,Verify order status tracking functionality,Order Management
TC077,Order Cancellation,AUTO077,High,Verify order cancellation process,Order Management
TC078,Order Modification,AUTO078,Medium,Verify order modification capabilities,Order Management
TC079,Order History Export,AUTO079,Medium,Verify order history export functionality,Order Management
TC080,Invoice Generation,AUTO080,High,Verify invoice generation for orders,Order Management
TC081,Order Confirmation Email,AUTO081,High,Verify order confirmation email sending,Order Management
TC082,Shipping Tracking,AUTO082,High,Verify shipping tracking integration,Order Management
TC083,Return Request,AUTO083,High,Verify return request initiation,Order Management
TC084,Refund Processing,AUTO084,High,Verify refund processing workflow,Order Management
TC085,Exchange Processing,AUTO085,Medium,Verify product exchange workflow,Order Management
TC086,Order Priority Management,AUTO086,Medium,Verify order priority settings,Order Management
TC087,Bulk Order Processing,AUTO087,Low,Verify bulk order processing capabilities,Order Management
TC088,Order Notes Management,AUTO088,Low,Verify order notes and comments,Order Management
TC089,Order Search Functionality,AUTO089,Medium,Verify order search and filtering,Order Management
TC090,Order Analytics Dashboard,AUTO090,Medium,Verify order analytics and reporting,Order Management
TC091,Shipping Calculator,AUTO091,High,Verify shipping cost calculation,Shipping Management
TC092,Multiple Shipping Options,AUTO092,High,Verify multiple shipping method options,Shipping Management
TC093,Shipping Address Validation,AUTO093,High,Verify shipping address validation,Shipping Management
TC094,International Shipping,AUTO094,Medium,Verify international shipping capabilities,Shipping Management
TC095,Express Shipping,AUTO095,Medium,Verify express shipping options,Shipping Management
TC096,Free Shipping Threshold,AUTO096,Medium,Verify free shipping threshold logic,Shipping Management
TC097,Shipping Insurance,AUTO097,Low,Verify shipping insurance options,Shipping Management
TC098,Pickup Point Selection,AUTO098,Medium,Verify pickup point selection functionality,Shipping Management
TC099,Delivery Date Selection,AUTO099,Medium,Verify delivery date selection options,Shipping Management
TC100,Shipping Notifications,AUTO100,High,Verify shipping status notifications,Shipping Management
TC101,Tax Calculation,AUTO101,High,Verify accurate tax calculation,Tax Management
TC102,Regional Tax Rates,AUTO102,High,Verify regional tax rate application,Tax Management
TC103,Tax Exemption Handling,AUTO103,Medium,Verify tax exemption processing,Tax Management
TC104,VAT Calculation,AUTO104,High,Verify VAT calculation for applicable regions,Tax Management
TC105,Tax Report Generation,AUTO105,Medium,Verify tax report generation,Tax Management
TC106,Tax Configuration Management,AUTO106,Low,Verify tax configuration settings,Tax Management
TC107,Coupon Code Application,AUTO107,High,Verify coupon code application during checkout,Promotions and Discounts
TC108,Percentage Discount Calculation,AUTO108,High,Verify percentage discount calculations,Promotions and Discounts
TC109,Fixed Amount Discount,AUTO109,High,Verify fixed amount discount application,Promotions and Discounts
TC110,Buy One Get One Offers,AUTO110,Medium,Verify BOGO offer implementation,Promotions and Discounts
TC111,Minimum Purchase Discounts,AUTO111,Medium,Verify minimum purchase requirement discounts,Promotions and Discounts
TC112,First Time Customer Discount,AUTO112,Medium,Verify first-time customer discount offers,Promotions and Discounts
TC113,Loyalty Points System,AUTO113,Medium,Verify loyalty points accumulation and redemption,Promotions and Discounts
TC114,Seasonal Promotions,AUTO114,Medium,Verify seasonal promotion implementation,Promotions and Discounts
TC115,Category Specific Discounts,AUTO115,Medium,Verify category-specific discount application,Promotions and Discounts
TC116,Discount Code Validation,AUTO116,High,Verify discount code validation logic,Promotions and Discounts
TC117,Promotion Expiry Handling,AUTO117,High,Verify promotion expiry date enforcement,Promotions and Discounts
TC118,Bulk Discount Tiers,AUTO118,Medium,Verify bulk purchase discount tiers,Promotions and Discounts
TC119,Customer Reviews Submission,AUTO119,Medium,Verify customer review submission process,Reviews and Ratings
TC120,Review Moderation,AUTO120,Medium,Verify review moderation workflow,Reviews and Ratings
TC121,Rating System Functionality,AUTO121,Medium,Verify star rating system,Reviews and Ratings
TC122,Review Helpfulness Voting,AUTO122,Low,Verify review helpfulness voting feature,Reviews and Ratings
TC123,Review Filtering Options,AUTO123,Medium,Verify review filtering by rating,Reviews and Ratings
TC124,Review Photo Upload,AUTO124,Low,Verify photo upload with reviews,Reviews and Ratings
TC125,Review Response System,AUTO125,Low,Verify merchant response to reviews,Reviews and Ratings
TC126,Fake Review Detection,AUTO126,Medium,Verify fake review detection mechanisms,Reviews and Ratings
TC127,Review Analytics,AUTO127,Low,Verify review analytics and insights,Reviews and Ratings
TC128,Review Notification System,AUTO128,Low,Verify review notification preferences,Reviews and Ratings
TC129,Mobile App Functionality,AUTO129,High,Verify mobile app core functionality,Mobile Application
TC130,Mobile App Login,AUTO130,High,Verify mobile app login process,Mobile Application
TC131,Mobile Product Browsing,AUTO131,High,Verify product browsing on mobile,Mobile Application
TC132,Mobile Cart Management,AUTO132,High,Verify cart management on mobile,Mobile Application
TC133,Mobile Checkout Process,AUTO133,High,Verify checkout process on mobile,Mobile Application
TC134,Mobile Payment Integration,AUTO134,High,Verify mobile payment methods,Mobile Application
TC135,Push Notifications,AUTO135,Medium,Verify push notification functionality,Mobile Application
TC136,Mobile App Performance,AUTO136,Medium,Verify mobile app performance metrics,Mobile Application
TC137,Offline Mode Functionality,AUTO137,Medium,Verify offline mode capabilities,Mobile Application
TC138,Mobile App Updates,AUTO138,Low,Verify mobile app update mechanism,Mobile Application
TC139,Cross-platform Synchronization,AUTO139,Medium,Verify data sync between web and mobile,Mobile Application
TC140,Mobile Barcode Scanner,AUTO140,Medium,Verify barcode scanning functionality,Mobile Application
TC141,Admin Dashboard Access,AUTO141,High,Verify admin dashboard login and access,Admin Panel
TC142,Product Management Admin,AUTO142,High,Verify product management from admin panel,Admin Panel
TC143,Order Management Admin,AUTO143,High,Verify order management capabilities,Admin Panel
TC144,Customer Management Admin,AUTO144,High,Verify customer management features,Admin Panel
TC145,Inventory Management Admin,AUTO145,High,Verify inventory management from admin,Admin Panel
TC146,Reports Generation Admin,AUTO146,Medium,Verify reports generation capabilities,Admin Panel
TC147,User Role Management,AUTO147,High,Verify user role and permission management,Admin Panel
TC148,System Settings Configuration,AUTO148,Medium,Verify system settings management,Admin Panel
TC149,Bulk Operations Admin,AUTO149,Medium,Verify bulk operations from admin panel,Admin Panel
TC150,Admin Audit Logs,AUTO150,Medium,Verify admin activity audit logging,Admin Panel
TC151,Content Management System,AUTO151,Medium,Verify CMS functionality for pages,Admin Panel
TC152,Email Template Management,AUTO152,Low,Verify email template configuration,Admin Panel
TC153,Sales Analytics Dashboard,AUTO153,Medium,Verify sales analytics dashboard,Analytics and Reporting
TC154,Customer Behavior Analytics,AUTO154,Medium,Verify customer behavior tracking,Analytics and Reporting
TC155,Product Performance Reports,AUTO155,Medium,Verify product performance analytics,Analytics and Reporting
TC156,Revenue Reporting,AUTO156,High,Verify revenue tracking and reporting,Analytics and Reporting
TC157,Conversion Rate Analytics,AUTO157,Medium,Verify conversion rate tracking,Analytics and Reporting
TC158,Search Analytics,AUTO158,Medium,Verify search term analytics,Analytics and Reporting
TC159,Cart Abandonment Analytics,AUTO159,Medium,Verify cart abandonment tracking,Analytics and Reporting
TC160,Geographic Sales Reports,AUTO160,Medium,Verify geographic sales distribution,Analytics and Reporting
TC161,Seasonal Trends Analysis,AUTO161,Low,Verify seasonal sales trend analysis,Analytics and Reporting
TC162,Customer Segmentation,AUTO162,Medium,Verify customer segmentation analytics,Analytics and Reporting
TC163,Real-time Dashboard,AUTO163,Medium,Verify real-time analytics dashboard,Analytics and Reporting
TC164,Export Analytics Data,AUTO164,Medium,Verify analytics data export functionality,Analytics and Reporting
TC165,Data Encryption,AUTO165,High,Verify data encryption implementation,Security
TC166,SSL Certificate Validation,AUTO166,High,Verify SSL certificate proper implementation,Security
TC167,Payment Security PCI Compliance,AUTO167,High,Verify PCI DSS compliance for payments,Security
TC168,Session Management Security,AUTO168,High,Verify secure session management,Security
TC169,Password Security Requirements,AUTO169,High,Verify password security enforcement,Security
TC170,Brute Force Protection,AUTO170,High,Verify brute force attack protection,Security
TC171,SQL Injection Prevention,AUTO171,High,Verify SQL injection protection,Security
TC172,Cross-Site Scripting Prevention,AUTO172,High,Verify XSS attack prevention,Security
TC173,CSRF Protection,AUTO173,High,Verify CSRF token implementation,Security
TC174,Data Privacy Compliance,AUTO174,High,Verify GDPR compliance measures,Security
TC175,Security Headers Implementation,AUTO175,Medium,Verify security headers configuration,Security
TC176,Access Control Validation,AUTO176,High,Verify proper access control implementation,Security
TC177,Website Performance Loading,AUTO177,High,Verify website loading performance,Performance
TC178,Database Query Optimization,AUTO178,Medium,Verify database query performance,Performance
TC179,Image Loading Optimization,AUTO179,Medium,Verify image loading optimization,Performance
TC180,CDN Integration,AUTO180,Medium,Verify CDN implementation and performance,Performance
TC181,Caching Mechanism,AUTO181,Medium,Verify caching strategy implementation,Performance
TC182,API Response Time,AUTO182,High,Verify API response time benchmarks,Performance
TC183,Concurrent User Handling,AUTO183,High,Verify concurrent user capacity,Performance
TC184,Resource Usage Monitoring,AUTO184,Medium,Verify server resource usage,Performance
TC185,Load Testing Validation,AUTO185,Medium,Verify system performance under load,Performance
TC186,Browser Compatibility,AUTO186,High,Verify cross-browser compatibility,Performance
TC187,Mobile Performance,AUTO187,High,Verify mobile device performance,Performance
TC188,Network Optimization,AUTO188,Medium,Verify network optimization strategies,Performance
TC189,Email Newsletter Subscription,AUTO189,Medium,Verify newsletter subscription process,Email Marketing
TC190,Welcome Email Automation,AUTO190,Medium,Verify welcome email automation,Email Marketing
TC191,Abandoned Cart Email,AUTO191,High,Verify abandoned cart email triggers,Email Marketing
TC192,Order Confirmation Email,AUTO192,High,Verify order confirmation email content,Email Marketing
TC193,Promotional Email Campaigns,AUTO193,Medium,Verify promotional email functionality,Email Marketing
TC194,Email Unsubscribe Process,AUTO194,High,Verify email unsubscribe mechanism,Email Marketing
TC195,Email Template Customization,AUTO195,Low,Verify email template customization,Email Marketing
TC196,Email Delivery Analytics,AUTO196,Medium,Verify email delivery tracking,Email Marketing
TC197,Email Open Rate Tracking,AUTO197,Medium,Verify email open rate analytics,Email Marketing
TC198,Email Click-through Tracking,AUTO198,Medium,Verify email click-through analytics,Email Marketing
TC199,API Authentication,AUTO199,High,Verify API authentication mechanisms,API Integration
TC200,REST API Functionality,AUTO200,High,Verify REST API endpoints functionality,API Integration
TC201,API Rate Limiting,AUTO201,Medium,Verify API rate limiting implementation,API Integration
TC202,API Error Handling,AUTO202,High,Verify API error handling and responses,API Integration
TC203,API Documentation Accuracy,AUTO203,Medium,Verify API documentation completeness,API Integration
TC204,Third-party Integration,AUTO204,High,Verify third-party service integrations,API Integration
TC205,Webhook Implementation,AUTO205,Medium,Verify webhook functionality,API Integration
TC206,API Versioning,AUTO206,Medium,Verify API versioning strategy,API Integration
TC207,API Security Validation,AUTO207,High,Verify API security measures,API Integration
TC208,API Performance Testing,AUTO208,Medium,Verify API performance benchmarks,API Integration
TC209,Search Engine Optimization,AUTO209,Medium,Verify SEO meta tags implementation,SEO and Marketing
TC210,Sitemap Generation,AUTO210,Medium,Verify XML sitemap generation,SEO and Marketing
TC211,Robots.txt Configuration,AUTO211,Low,Verify robots.txt file configuration,SEO and Marketing
TC212,Schema Markup Implementation,AUTO212,Medium,Verify structured data markup,SEO and Marketing
TC213,Social Media Integration,AUTO213,Medium,Verify social media sharing features,SEO and Marketing
TC214,Google Analytics Integration,AUTO214,Medium,Verify Google Analytics tracking,SEO and Marketing
TC215,Facebook Pixel Integration,AUTO215,Medium,Verify Facebook Pixel implementation,SEO and Marketing
TC216,Affiliate Marketing System,AUTO216,Low,Verify affiliate marketing functionality,SEO and Marketing
TC217,Google AdWords Integration,AUTO217,Medium,Verify Google AdWords tracking,SEO and Marketing
TC218,Content Marketing Tools,AUTO218,Low,Verify content marketing capabilities,SEO and Marketing
TC219,Multi-language Support,AUTO219,Medium,Verify multi-language functionality,Localization
TC220,Currency Conversion,AUTO220,High,Verify multi-currency support,Localization
TC221,Regional Content Display,AUTO221,Medium,Verify region-specific content,Localization
TC222,Time Zone Handling,AUTO222,Medium,Verify time zone conversion accuracy,Localization
TC223,Cultural Adaptation,AUTO223,Low,Verify cultural adaptation features,Localization
TC224,RTL Language Support,AUTO224,Medium,Verify right-to-left language support,Localization
TC225,Date Format Localization,AUTO225,Medium,Verify date format localization,Localization
TC226,Number Format Localization,AUTO226,Medium,Verify number format localization,Localization
TC227,Local Payment Methods,AUTO227,High,Verify local payment method integration,Localization
TC228,Regional Shipping Options,AUTO228,Medium,Verify region-specific shipping,Localization
TC229,Chat Support Integration,AUTO229,Medium,Verify live chat support functionality,Customer Support
TC230,Help Desk Ticket System,AUTO230,Medium,Verify help desk ticket creation,Customer Support
TC231,FAQ Management,AUTO231,Medium,Verify FAQ system functionality,Customer Support
TC232,Contact Form Submission,AUTO232,High,Verify contact form functionality,Customer Support
TC233,Support Knowledge Base,AUTO233,Medium,Verify knowledge base search,Customer Support
TC234,Customer Service Analytics,AUTO234,Low,Verify customer service metrics,Customer Support
TC235,Automated Response System,AUTO235,Medium,Verify automated customer responses,Customer Support
TC236,Escalation Workflow,AUTO236,Medium,Verify support ticket escalation,Customer Support
TC237,Multi-channel Support,AUTO237,Medium,Verify multi-channel support integration,Customer Support
TC238,Customer Satisfaction Survey,AUTO238,Low,Verify customer satisfaction tracking,Customer Support
TC239,Database Backup Verification,AUTO239,High,Verify database backup processes,System Administration
TC240,Disaster Recovery Testing,AUTO240,High,Verify disaster recovery procedures,System Administration
TC241,System Monitoring Setup,AUTO241,High,Verify system monitoring configuration,System Administration
TC242,Log Management System,AUTO242,Medium,Verify log management and rotation,System Administration
TC243,Server Health Monitoring,AUTO243,High,Verify server health monitoring,System Administration
TC244,Update Deployment Process,AUTO244,High,Verify system update deployment,System Administration
TC245,Security Patch Management,AUTO245,High,Verify security patch installation,System Administration
TC246,System Configuration Backup,AUTO246,Medium,Verify system configuration backup,System Administration
TC247,Environment Synchronization,AUTO247,Medium,Verify environment synchronization,System Administration
TC248,Maintenance Mode Functionality,AUTO248,Medium,Verify maintenance mode implementation,System Administration
TC249,GDPR Data Subject Rights,AUTO249,High,Verify GDPR data subject rights,Legal Compliance
TC250,Cookie Consent Management,AUTO250,High,Verify cookie consent implementation,Legal Compliance
TC251,Terms of Service Display,AUTO251,High,Verify terms of service accessibility,Legal Compliance
TC252,Privacy Policy Compliance,AUTO252,High,Verify privacy policy implementation,Legal Compliance
TC253,Age Verification System,AUTO253,Medium,Verify age verification for restricted products,Legal Compliance
TC254,Data Retention Policy,AUTO254,Medium,Verify data retention policy enforcement,Legal Compliance
TC255,Audit Trail Maintenance,AUTO255,Medium,Verify audit trail logging,Legal Compliance
TC256,Accessibility Compliance WCAG,AUTO256,High,Verify WCAG accessibility compliance,Legal Compliance
TC257,Consumer Rights Information,AUTO257,Medium,Verify consumer rights information display,Legal Compliance
TC258,Legal Disclaimer Display,AUTO258,Medium,Verify legal disclaimer visibility,Legal Compliance
TC259,Social Login Integration,AUTO259,Medium,Verify social media login integration,Third-party Integrations
TC260,Payment Gateway Integration,AUTO260,High,Verify payment gateway functionality,Third-party Integrations
TC261,Shipping Provider Integration,AUTO261,High,Verify shipping provider API integration,Third-party Integrations
TC262,ERP System Integration,AUTO262,Medium,Verify ERP system connectivity,Third-party Integrations
TC263,CRM System Integration,AUTO263,Medium,Verify CRM system integration,Third-party Integrations
TC264,Marketing Automation Integration,AUTO264,Medium,Verify marketing automation tools,Third-party Integrations
TC265,Analytics Platform Integration,AUTO265,Medium,Verify analytics platform connectivity,Third-party Integrations
TC266,Inventory Management Integration,AUTO266,High,Verify inventory system integration,Third-party Integrations
TC267,Accounting Software Integration,AUTO267,Medium,Verify accounting software connectivity,Third-party Integrations
TC268,Customer Service Integration,AUTO268,Medium,Verify customer service tool integration,Third-party Integrations
TC269,Advanced Search Filters,AUTO269,Medium,Verify advanced search filtering options,Advanced Search
TC270,Search Result Pagination,AUTO270,Medium,Verify search result pagination,Advanced Search
TC271,Search Result Sorting,AUTO271,Medium,Verify search result sorting options,Advanced Search
TC272,Faceted Search Navigation,AUTO272,Medium,Verify faceted search implementation,Advanced Search
TC273,Search History Tracking,AUTO273,Low,Verify search history functionality,Advanced Search
TC274,Saved Search Functionality,AUTO274,Low,Verify saved search feature,Advanced Search
TC275,Search Performance Optimization,AUTO275,Medium,Verify search performance optimization,Advanced Search
TC276,Voice Search Integration,AUTO276,Low,Verify voice search functionality,Advanced Search
TC277,Visual Search Capabilities,AUTO277,Low,Verify visual search implementation,Advanced Search
TC278,Search Analytics Dashboard,AUTO278,Medium,Verify search analytics tracking,Advanced Search
TC279,Cart Total Calculation,AUTO279,High,Verify accurate cart total calculation,Shopping Cart Advanced
TC280,Cart Tax Calculation,AUTO280,High,Verify cart tax calculation accuracy,Shopping Cart Advanced
TC281,Cart Shipping Calculation,AUTO281,High,Verify cart shipping cost calculation,Shopping Cart Advanced
TC282,Cart Discount Application,AUTO282,High,Verify discount application in cart,Shopping Cart Advanced
TC283,Save Cart for Later,AUTO283,Medium,Verify save cart functionality,Shopping Cart Advanced
TC284,Cart Sharing Functionality,AUTO284,Low,Verify cart sharing feature,Shopping Cart Advanced
TC285,Mini Cart Display,AUTO285,Medium,Verify mini cart popup functionality,Shopping Cart Advanced
TC286,Cart Item Limit Validation,AUTO286,Medium,Verify cart item quantity limits,Shopping Cart Advanced
TC287,Cart Cross-sell Recommendations,AUTO287,Medium,Verify cross-sell in cart,Shopping Cart Advanced
TC288,Cart Security Validation,AUTO288,High,Verify cart security measures,Shopping Cart Advanced
TC289,Multi-step Checkout Process,AUTO289,High,Verify multi-step checkout flow,Checkout Advanced
TC290,Guest Checkout Optimization,AUTO290,High,Verify guest checkout process,Checkout Advanced
TC291,Checkout Form Validation,AUTO291,High,Verify checkout form validation,Checkout Advanced
TC292,Checkout Progress Indicator,AUTO292,Medium,Verify checkout progress display,Checkout Advanced
TC293,Checkout Error Handling,AUTO293,High,Verify checkout error management,Checkout Advanced
TC294,Checkout Performance,AUTO294,High,Verify checkout process performance,Checkout Advanced
TC295,Checkout Abandonment Tracking,AUTO295,Medium,Verify checkout abandonment analytics,Checkout Advanced
TC296,Checkout Security Measures,AUTO296,High,Verify checkout security implementation,Checkout Advanced
TC297,Checkout Mobile Optimization,AUTO297,High,Verify mobile checkout optimization,Checkout Advanced
TC298,One-click Checkout,AUTO298,Medium,Verify one-click checkout functionality,Checkout Advanced
TC299,B2B Customer Management,AUTO299,Medium,Verify B2B customer features,B2B Features
TC300,Bulk Pricing Tiers,AUTO300,Medium,Verify B2B bulk pricing structure,B2B Features
TC301,Quote Request System,AUTO301,Medium,Verify quote request functionality,B2B Features
TC302,Purchase Order Integration,AUTO302,Medium,Verify purchase order processing,B2B Features
TC303,Credit Terms Management,AUTO303,Medium,Verify credit terms functionality,B2B Features
TC304,Account Hierarchy Management,AUTO304,Low,Verify account hierarchy structure,B2B Features
TC305,Approval Workflow,AUTO305,Medium,Verify purchase approval workflow,B2B Features
TC306,Contract Pricing,AUTO306,Medium,Verify contract-based pricing,B2B Features
TC307,Custom Catalogs,AUTO307,Medium,Verify custom catalog functionality,B2B Features
TC308,Volume Discount Calculation,AUTO308,Medium,Verify volume discount logic,B2B Features
TC309,Product Recommendation Engine,AUTO309,Medium,Verify AI-powered recommendations,AI and Machine Learning
TC310,Dynamic Pricing System,AUTO310,Medium,Verify dynamic pricing algorithms,AI and Machine Learning
TC311,Fraud Detection System,AUTO311,High,Verify fraud detection mechanisms,AI and Machine Learning
TC312,Chatbot Integration,AUTO312,Medium,Verify AI chatbot functionality,AI and Machine Learning
TC313,Predictive Analytics,AUTO313,Low,Verify predictive analytics features,AI and Machine Learning
TC314,Personalization Engine,AUTO314,Medium,Verify content personalization,AI and Machine Learning
TC315,Behavior Analysis,AUTO315,Medium,Verify user behavior analysis,AI and Machine Learning
TC316,Sentiment Analysis,AUTO316,Low,Verify review sentiment analysis,AI and Machine Learning
TC317,Demand Forecasting,AUTO317,Low,Verify demand forecasting accuracy,AI and Machine Learning
TC318,Price Optimization,AUTO318,Medium,Verify AI price optimization,AI and Machine Learning
TC319,Progressive Web App Features,AUTO319,Medium,Verify PWA functionality,Progressive Web App
TC320,Offline Browsing Capability,AUTO320,Medium,Verify offline browsing features,Progressive Web App
TC321,App-like Navigation,AUTO321,Medium,Verify app-like user experience,Progressive Web App
TC322,Push Notification PWA,AUTO322,Medium,Verify PWA push notifications,Progressive Web App
TC323,Add to Home Screen,AUTO323,Medium,Verify add to home screen functionality,Progressive Web App
TC324,Service Worker Implementation,AUTO324,Low,Verify service worker functionality,Progressive Web App
TC325,PWA Performance Metrics,AUTO325,Medium,Verify PWA performance standards,Progressive Web App
TC326,PWA Security Features,AUTO326,Medium,Verify PWA security implementation,Progressive Web App
TC327,Cross-platform PWA Testing,AUTO327,Medium,Verify PWA cross-platform compatibility,Progressive Web App
TC328,PWA Update Mechanism,AUTO328,Low,Verify PWA update process,Progressive Web App
TC329,Subscription Management,AUTO329,Medium,Verify subscription service management,Subscription Services
TC330,Recurring Payment Processing,AUTO330,High,Verify recurring payment functionality,Subscription Services
TC331,Subscription Billing Cycles,AUTO331,High,Verify billing cycle management,Subscription Services
TC332,Subscription Cancellation,AUTO332,High,Verify subscription cancellation process,Subscription Services
TC333,Subscription Upgrade Downgrade,AUTO333,Medium,Verify subscription tier changes,Subscription Services
TC334,Subscription Analytics,AUTO334,Medium,Verify subscription analytics dashboard,Subscription Services
TC335,Prorated Billing,AUTO335,Medium,Verify prorated billing calculations,Subscription Services
TC336,Subscription Renewal Notifications,AUTO336,Medium,Verify renewal notification system,Subscription Services
TC337,Failed Payment Handling,AUTO337,High,Verify failed payment retry logic,Subscription Services
TC338,Subscription Customer Portal,AUTO338,Medium,Verify customer subscription portal,Subscription Services
TC339,Multi-vendor Registration,AUTO339,Medium,Verify vendor registration process,Marketplace Features
TC340,Vendor Product Management,AUTO340,Medium,Verify vendor product management,Marketplace Features
TC341,Vendor Commission System,AUTO341,High,Verify commission calculation system,Marketplace Features
TC342,Vendor Payout Processing,AUTO342,High,Verify vendor payout functionality,Marketplace Features
TC343,Vendor Performance Analytics,AUTO343,Medium,Verify vendor analytics dashboard,Marketplace Features
TC344,Multi-vendor Checkout,AUTO344,High,Verify multi-vendor checkout process,Marketplace Features
TC345,Vendor Review System,AUTO345,Medium,Verify vendor rating and review system,Marketplace Features
TC346,Marketplace Fee Management,AUTO346,High,Verify marketplace fee calculation,Marketplace Features
TC347,Vendor Communication System,AUTO347,Medium,Verify vendor-customer communication,Marketplace Features
TC348,Marketplace Dispute Resolution,AUTO348,Medium,Verify dispute resolution process,Marketplace Features
TC349,Digital Product Download,AUTO349,High,Verify digital product download process,Digital Products
TC350,Digital Product Security,AUTO350,High,Verify digital product security measures,Digital Products
TC351,Download Link Expiration,AUTO351,High,Verify download link expiration logic,Digital Products
TC352,Digital Product Licensing,AUTO352,Medium,Verify licensing agreement display,Digital Products
TC353,Download Limit Enforcement,AUTO353,Medium,Verify download limit restrictions,Digital Products
TC354,Digital Product Preview,AUTO354,Medium,Verify digital product preview functionality,Digital Products
TC355,File Format Support,AUTO355,Medium,Verify multiple file format support,Digital Products
TC356,Digital Product Backup,AUTO356,Low,Verify digital product backup access,Digital Products
TC357,Anti-piracy Measures,AUTO357,High,Verify anti-piracy protection,Digital Products
TC358,Digital Product Analytics,AUTO358,Medium,Verify digital product download analytics,Digital Products
TC359,Accessibility Screen Reader,AUTO359,High,Verify screen reader compatibility,Accessibility Features
TC360,Keyboard Navigation Support,AUTO360,High,Verify keyboard-only navigation,Accessibility Features
TC361,High Contrast Mode,AUTO361,Medium,Verify high contrast mode support,Accessibility Features
TC362,Font Size Adjustment,AUTO362,Medium,Verify font size adjustment options,Accessibility Features
TC363,Alt Text Implementation,AUTO363,High,Verify alt text for all images,Accessibility Features
TC364,Form Label Association,AUTO364,High,Verify form label accessibility,Accessibility Features
TC365,Focus Indicator Visibility,AUTO365,Medium,Verify focus indicator implementation,Accessibility Features
TC366,Skip Navigation Links,AUTO366,Medium,Verify skip navigation functionality,Accessibility Features
TC367,ARIA Label Implementation,AUTO367,Medium,Verify ARIA label usage,Accessibility Features
TC368,Color Contrast Compliance,AUTO368,High,Verify color contrast standards,Accessibility Features
TC369,Video Subtitle Support,AUTO369,Medium,Verify video subtitle functionality,Media and Content
TC370,Image Lazy Loading,AUTO370,Medium,Verify image lazy loading implementation,Media and Content
TC371,Video Player Controls,AUTO371,Medium,Verify video player accessibility,Media and Content
TC372,Audio Player Functionality,AUTO372,Medium,Verify audio player controls,Media and Content
TC373,Media File Compression,AUTO373,Low,Verify media file optimization,Media and Content
TC374,Responsive Image Display,AUTO374,Medium,Verify responsive image implementation,Media and Content
TC375,Content Delivery Network,AUTO375,Medium,Verify CDN media delivery,Media and Content
TC376,Media Upload Functionality,AUTO376,Medium,Verify media upload capabilities,Media and Content
TC377,Image Format Support,AUTO377,Medium,Verify multiple image format support,Media and Content
TC378,Video Streaming Quality,AUTO378,Medium,Verify video streaming performance,Media and Content
TC379,Real-time Inventory Sync,AUTO379,High,Verify real-time inventory synchronization,Real-time Features
TC380,Live Chat Functionality,AUTO380,Medium,Verify real-time chat implementation,Real-time Features
TC381,Real-time Price Updates,AUTO381,High,Verify real-time price synchronization,Real-time Features
TC382,Live Order Tracking,AUTO382,High,Verify real-time order status updates,Real-time Features
TC383,Real-time Stock Notifications,AUTO383,Medium,Verify real-time stock alerts,Real-time Features
TC384,Live Customer Support,AUTO384,Medium,Verify real-time customer support,Real-time Features
TC385,Real-time Analytics Dashboard,AUTO385,Medium,Verify real-time analytics updates,Real-time Features
TC386,WebSocket Implementation,AUTO386,Low,Verify WebSocket functionality,Real-time Features
TC387,Real-time Collaboration,AUTO387,Low,Verify real-time collaboration features,Real-time Features
TC388,Live Notifications System,AUTO388,Medium,Verify real-time notification delivery,Real-time Features
TC389,Gift Card Purchase,AUTO389,Medium,Verify gift card purchase process,Gift Cards and Vouchers
TC390,Gift Card Redemption,AUTO390,High,Verify gift card redemption functionality,Gift Cards and Vouchers
TC391,Gift Card Balance Check,AUTO391,Medium,Verify gift card balance inquiry,Gift Cards and Vouchers
TC392,Digital Gift Card Delivery,AUTO392,Medium,Verify digital gift card email delivery,Gift Cards and Vouchers
TC393,Physical Gift Card Support,AUTO393,Medium,Verify physical gift card functionality,Gift Cards and Vouchers
TC394,Gift Card Expiration,AUTO394,Medium,Verify gift card expiration handling,Gift Cards and Vouchers
TC395,Partial Gift Card Usage,AUTO395,Medium,Verify partial gift card redemption,Gift Cards and Vouchers
TC396,Gift Card Refund Policy,AUTO396,Medium,Verify gift card refund process,Gift Cards and Vouchers
TC397,Voucher Code Generation,AUTO397,Medium,Verify voucher code creation system,Gift Cards and Vouchers
TC398,Gift Card Analytics,AUTO398,Low,Verify gift card usage analytics,Gift Cards and Vouchers
TC399,Product Bundle Creation,AUTO399,Medium,Verify product bundle functionality,Product Bundles
TC400,Bundle Pricing Logic,AUTO400,High,Verify bundle pricing calculations,Product Bundles
TC401,Bundle Inventory Management,AUTO401,Medium,Verify bundle inventory tracking,Product Bundles
TC402,Bundle Customization,AUTO402,Medium,Verify customizable bundle options,Product Bundles
TC403,Bundle Discount Application,AUTO403,Medium,Verify bundle discount logic,Product Bundles
TC404,Bundle Product Substitution,AUTO404,Low,Verify product substitution in bundles,Product Bundles
TC405,Bundle Shipping Calculation,AUTO405,Medium,Verify bundle shipping cost logic,Product Bundles
TC406,Bundle Analytics Tracking,AUTO406,Low,Verify bundle performance analytics,Product Bundles
TC407,Bundle Availability Check,AUTO407,Medium,Verify bundle availability validation,Product Bundles
TC408,Bundle Cross-selling,AUTO408,Medium,Verify bundle cross-selling features,Product Bundles
TC409,Homepage Banner Management,AUTO409,Medium,Verify homepage banner functionality,Homepage Features
TC410,Featured Product Display,AUTO410,Medium,Verify featured product showcase,Homepage Features
TC411,Category Navigation Menu,AUTO411,High,Verify main navigation functionality,Homepage Features
TC412,Homepage Search Integration,AUTO412,High,Verify homepage search functionality,Homepage Features
TC413,Newsletter Signup Widget,AUTO413,Medium,Verify newsletter signup on homepage,Homepage Features
TC414,Social Media Links,AUTO414,Low,Verify social media integration,Homepage Features
TC415,Recently Viewed Section,AUTO415,Medium,Verify recently viewed products display,Homepage Features
TC416,Popular Products Display,AUTO416,Medium,Verify popular products section,Homepage Features
TC417,Homepage Loading Performance,AUTO417,High,Verify homepage loading speed,Homepage Features
TC418,Mobile Homepage Optimization,AUTO418,High,Verify mobile homepage layout,Homepage Features
TC419,Footer Information Display,AUTO419,Medium,Verify footer content and links,Footer Features
TC420,Footer Navigation Links,AUTO420,Medium,Verify footer navigation functionality,Footer Features
TC421,Contact Information Footer,AUTO421,High,Verify contact information display,Footer Features
TC422,Footer Social Media Integration,AUTO422,Low,Verify footer social media links,Footer Features
TC423,Footer Newsletter Signup,AUTO423,Medium,Verify footer newsletter subscription,Footer Features
TC424,Footer Legal Links,AUTO424,High,Verify footer legal page links,Footer Features
TC425,Footer Site Map,AUTO425,Medium,Verify footer sitemap functionality,Footer Features
TC426,Footer Payment Icons,AUTO426,Medium,Verify payment method icons display,Footer Features
TC427,Footer Trust Badges,AUTO427,Medium,Verify trust badge display,Footer Features
TC428,Footer Responsive Design,AUTO428,Medium,Verify footer mobile responsiveness,Footer Features
TC429,Site-wide Search Functionality,AUTO429,High,Verify global search implementation,Global Features
TC430,Language Selector Global,AUTO430,Medium,Verify global language selection,Global Features
TC431,Currency Selector Global,AUTO431,High,Verify global currency selection,Global Features
TC432,Global User Authentication,AUTO432,High,Verify site-wide authentication,Global Features
TC433,Global Navigation Consistency,AUTO433,High,Verify consistent navigation experience,Global Features
TC434,Global Error Handling,AUTO434,High,Verify site-wide error management,Global Features
TC435,Global Loading Indicators,AUTO435,Medium,Verify loading indicator consistency,Global Features
TC436,Global Notification System,AUTO436,Medium,Verify site-wide notification display,Global Features
TC437,Global Session Management,AUTO437,High,Verify site-wide session handling,Global Features
TC438,Global Security Headers,AUTO438,High,Verify global security implementation,Global Features
TC439,Error Page 404 Handling,AUTO439,High,Verify 404 error page functionality,Error Handling
TC440,Error Page 500 Handling,AUTO440,High,Verify 500 error page functionality,Error Handling
TC441,Network Error Handling,AUTO441,High,Verify network connectivity error handling,Error Handling
TC442,Timeout Error Management,AUTO442,Medium,Verify timeout error handling,Error Handling
TC443,Form Validation Errors,AUTO443,High,Verify form validation error display,Error Handling
TC444,Payment Error Handling,AUTO444,High,Verify payment error management,Error Handling
TC445,API Error Responses,AUTO445,High,Verify API error handling,Error Handling
TC446,Database Error Handling,AUTO446,High,Verify database error management,Error Handling
TC447,User-friendly Error Messages,AUTO447,High,Verify error message clarity,Error Handling
TC448,Error Logging System,AUTO448,Medium,Verify error logging functionality,Error Handling
TC449,Contact Us Page Functionality,AUTO449,High,Verify contact page functionality,Static Pages
TC450,About Us Page Content,AUTO450,Medium,Verify about us page display,Static Pages
TC451,Terms and Conditions Page,AUTO451,High,Verify terms and conditions accessibility,Static Pages
TC452,Privacy Policy Page,AUTO452,High,Verify privacy policy display,Static Pages
TC453,Shipping Information Page,AUTO453,Medium,Verify shipping information content,Static Pages
TC454,Return Policy Page,AUTO454,High,Verify return policy accessibility,Static Pages
TC455,FAQ Page Functionality,AUTO455,Medium,Verify FAQ page search and navigation,Static Pages
TC456,Site Map Page,AUTO456,Medium,Verify sitemap page functionality,Static Pages
TC457,Career Page Content,AUTO457,Low,Verify career page display,Static Pages
TC458,Press Release Section,AUTO458,Low,Verify press release content,Static Pages
TC459,Database Performance Optimization,AUTO459,Medium,Verify database query performance,Database Management
TC460,Data Backup Verification,AUTO460,High,Verify automated backup processes,Database Management
TC461,Data Migration Testing,AUTO461,Medium,Verify data migration accuracy,Database Management
TC462,Database Security Measures,AUTO462,High,Verify database security implementation,Database Management
TC463,Data Integrity Validation,AUTO463,High,Verify data integrity constraints,Database Management
TC464,Database Connection Pooling,AUTO464,Medium,Verify connection pooling efficiency,Database Management
TC465,Database Indexing Optimization,AUTO465,Medium,Verify database index performance,Database Management
TC466,Data Archiving Process,AUTO466,Low,Verify data archiving functionality,Database Management
TC467,Database Monitoring System,AUTO467,Medium,Verify database monitoring setup,Database Management
TC468,Data Recovery Testing,AUTO468,High,Verify data recovery procedures,Database Management
TC469,Cross-browser Compatibility Chrome,AUTO469,High,Verify Chrome browser compatibility,Browser Compatibility
TC470,Cross-browser Compatibility Firefox,AUTO470,High,Verify Firefox browser compatibility,Browser Compatibility
TC471,Cross-browser Compatibility Safari,AUTO471,High,Verify Safari browser compatibility,Browser Compatibility
TC472,Cross-browser Compatibility Edge,AUTO472,High,Verify Edge browser compatibility,Browser Compatibility
TC473,Cross-browser Compatibility IE11,AUTO473,Medium,Verify Internet Explorer 11 compatibility,Browser Compatibility
TC474,Mobile Browser Compatibility,AUTO474,High,Verify mobile browser functionality,Browser Compatibility
TC475,Tablet Browser Compatibility,AUTO475,Medium,Verify tablet browser functionality,Browser Compatibility
TC476,Browser Version Support,AUTO476,Medium,Verify older browser version support,Browser Compatibility
TC477,JavaScript Compatibility,AUTO477,High,Verify JavaScript functionality across browsers,Browser Compatibility
TC478,CSS Compatibility Testing,AUTO478,Medium,Verify CSS rendering across browsers,Browser Compatibility
TC479,iOS App Store Integration,AUTO479,Medium,Verify iOS app store connectivity,App Store Integration
TC480,Google Play Store Integration,AUTO480,Medium,Verify Google Play store connectivity,App Store Integration
TC481,App Store Review System,AUTO481,Low,Verify app store review integration,App Store Integration
TC482,In-app Purchase Functionality,AUTO482,High,Verify in-app purchase processing,App Store Integration
TC483,App Store Analytics,AUTO483,Medium,Verify app store analytics integration,App Store Integration
TC484,App Update Notification,AUTO484,Medium,Verify app update notification system,App Store Integration
TC485,App Store Rating Integration,AUTO485,Medium,Verify app store rating functionality,App Store Integration
TC486,Deep Link Functionality,AUTO486,Medium,Verify deep linking implementation,App Store Integration
TC487,App Store Search Optimization,AUTO487,Low,Verify app store search optimization,App Store Integration
TC488,App Store Compliance,AUTO488,High,Verify app store policy compliance,App Store Integration
TC489,System Health Monitoring,AUTO489,High,Verify comprehensive system health monitoring,System Monitoring
TC490,Performance Metrics Tracking,AUTO490,Medium,Verify performance metrics collection,System Monitoring
TC491,Alert System Configuration,AUTO491,High,Verify alert system setup and functionality,System Monitoring
TC492,Uptime Monitoring,AUTO492,High,Verify uptime monitoring accuracy,System Monitoring
TC493,Resource Usage Tracking,AUTO493,Medium,Verify resource usage monitoring,System Monitoring
TC494,Application Log Analysis,AUTO494,Medium,Verify application log analysis tools,System Monitoring
TC495,Network Performance Monitoring,AUTO495,Medium,Verify network performance tracking,System Monitoring
TC496,Security Event Monitoring,AUTO496,High,Verify security event detection and logging,System Monitoring
TC497,Capacity Planning Metrics,AUTO497,Low,Verify capacity planning data collection,System Monitoring
TC498,Incident Response System,AUTO498,High,Verify incident response workflow,System Monitoring
TC499,End-to-End Transaction Monitoring,AUTO499,High,Verify complete transaction monitoring,System Monitoring
TC500,System Integration Testing,AUTO500,High,Verify overall system integration functionality,System Integration
